﻿ID,Timestamp,RewardName,RewardType,Rarity,WishCount,PityCount
1,2020-10-01 21:52:40,Emerald Orb,Weapon,3,1,1
2,2020-10-01 21:52:40,Magic Guide,Weapon,3,2,2
3,2020-10-01 21:52:40,Slingshot,Weapon,3,3,3
4,2020-10-01 21:52:40,Magic Guide,Weapon,3,4,4
5,2020-10-01 21:52:40,Magic Guide,Weapon,3,5,5
6,2020-10-01 21:52:40,Debate Club,Weapon,3,6,6
7,2020-10-01 21:52:40,Black Tassel,Weapon,3,7,7
8,2020-10-01 21:52:40,Keqing,Character,5,8,8
9,2020-10-01 21:52:40,Sharpshooter's Oath,Weapon,3,9,1
10,2020-10-01 21:52:40,Fischl,Character,4,10,2
11,2020-10-12 15:17:27,Debate Club,Weapon,3,11,3
12,2020-10-12 15:17:27,Debate Club,Weapon,3,12,4
13,2020-10-12 15:17:27,Debate Club,Weapon,3,13,5
14,2020-10-12 15:17:27,Cool Steel,Weapon,3,14,6
15,2020-10-12 15:17:27,Thrilling Tales of Dragon Slayers,Weapon,3,15,7
16,2020-10-12 15:17:27,Cool Steel,Weapon,3,16,8
17,2020-10-12 15:17:27,Debate Club,Weapon,3,17,9
18,2020-10-12 15:17:27,Bloodtainted Greatsword,Weapon,3,18,10
19,2020-10-12 15:17:27,Lion's Roar,Weapon,4,19,11
20,2020-10-12 15:17:27,Debate Club,Weapon,3,20,12
21,2020-10-14 17:47:41,Debate Club,Weapon,3,21,13
22,2020-10-14 17:47:41,Magic Guide,Weapon,3,22,14
23,2020-10-14 17:47:41,Emerald Orb,Weapon,3,23,15
24,2020-10-14 17:47:41,Sharpshooter's Oath,Weapon,3,24,16
25,2020-10-14 17:47:41,Raven Bow,Weapon,3,25,17
26,2020-10-14 17:47:41,Fischl,Character,4,26,18
27,2020-10-14 17:47:41,Magic Guide,Weapon,3,27,19
28,2020-10-14 17:47:41,Skyrider Sword,Weapon,3,28,20
29,2020-10-14 17:47:41,Harbinger of Dawn,Weapon,3,29,21
30,2020-10-14 17:47:41,Raven Bow,Weapon,3,30,22
31,2020-10-18 01:35:39,Ferrous Shadow,Weapon,3,31,23
32,2020-10-18 01:35:39,Magic Guide,Weapon,3,32,24
33,2020-10-18 01:35:39,Raven Bow,Weapon,3,33,25
34,2020-10-18 01:35:39,Ferrous Shadow,Weapon,3,34,26
35,2020-10-18 01:35:39,Rust,Weapon,4,35,27
36,2020-10-18 01:35:39,Sharpshooter's Oath,Weapon,3,36,28
37,2020-10-18 01:35:39,Emerald Orb,Weapon,3,37,29
38,2020-10-18 01:35:39,Black Tassel,Weapon,3,38,30
39,2020-10-18 01:35:39,Barbara,Character,4,39,31
40,2020-10-18 01:35:39,Raven Bow,Weapon,3,40,32
41,2020-10-23 00:56:20,Raven Bow,Weapon,3,41,33
42,2020-10-23 00:56:30,Harbinger of Dawn,Weapon,3,42,34
43,2020-10-23 00:56:36,Slingshot,Weapon,3,43,35
44,2020-10-23 00:56:40,Magic Guide,Weapon,3,44,36
45,2020-10-23 00:56:46,Slingshot,Weapon,3,45,37
46,2020-10-23 00:56:51,Harbinger of Dawn,Weapon,3,46,38
47,2020-10-23 00:56:59,Magic Guide,Weapon,3,47,39
48,2020-10-23 00:57:04,Raven Bow,Weapon,3,48,40
49,2020-10-24 22:44:32,Sucrose,Character,4,49,41
50,2020-10-24 22:44:46,Skyrider Sword,Weapon,3,50,42
51,2020-10-24 22:44:50,Harbinger of Dawn,Weapon,3,51,43
52,2020-10-26 19:04:41,Thrilling Tales of Dragon Slayers,Weapon,3,52,44
53,2020-10-27 17:27:11,Magic Guide,Weapon,3,53,45
54,2020-10-27 17:27:20,Harbinger of Dawn,Weapon,3,54,46
55,2020-10-27 17:27:29,Black Tassel,Weapon,3,55,47
56,2020-10-28 02:31:34,Thrilling Tales of Dragon Slayers,Weapon,3,56,48
57,2020-10-28 02:31:43,Slingshot,Weapon,3,57,49
58,2020-10-30 06:34:25,Ferrous Shadow,Weapon,3,58,50
59,2020-10-30 06:34:36,Sucrose,Character,4,59,51
60,2020-10-30 06:34:44,Bloodtainted Greatsword,Weapon,3,60,52
61,2020-11-01 00:10:38,Xingqiu,Character,4,61,53
62,2020-11-02 05:03:29,Black Tassel,Weapon,3,62,54
63,2020-11-02 05:03:39,Raven Bow,Weapon,3,63,55
64,2020-11-03 19:09:45,Thrilling Tales of Dragon Slayers,Weapon,3,64,56
65,2020-11-03 19:10:56,Sharpshooter's Oath,Weapon,3,65,57
66,2020-11-06 00:55:03,Black Tassel,Weapon,3,66,58
67,2020-11-06 00:55:14,Black Tassel,Weapon,3,67,59
68,2020-11-06 00:55:22,Debate Club,Weapon,3,68,60
69,2020-11-06 04:53:00,Magic Guide,Weapon,3,69,61
70,2020-11-06 04:53:39,Slingshot,Weapon,3,70,62
71,2020-11-07 20:36:48,Noelle,Character,4,71,63
72,2020-11-07 21:39:37,Raven Bow,Weapon,3,72,64
73,2020-11-07 21:39:47,Lion's Roar,Weapon,4,73,65
74,2020-11-07 21:39:54,Slingshot,Weapon,3,74,66
75,2020-11-07 22:02:18,Skyrider Sword,Weapon,3,75,67
76,2020-11-10 04:29:57,Skyrider Sword,Weapon,3,76,68
77,2020-11-10 04:30:09,Harbinger of Dawn,Weapon,3,77,69
78,2020-11-11 20:05:20,Magic Guide,Weapon,3,78,70
79,2020-11-11 20:05:26,Thrilling Tales of Dragon Slayers,Weapon,3,79,71
80,2021-01-13 13:56:32,Emerald Orb,Weapon,3,80,72
81,2021-01-13 13:56:36,Emerald Orb,Weapon,3,81,73
82,2021-01-13 13:56:40,Noelle,Character,4,82,74
83,2021-01-13 13:56:47,Ferrous Shadow,Weapon,3,83,75
84,2021-01-13 13:56:53,Harbinger of Dawn,Weapon,3,84,76
85,2021-01-13 13:57:04,Ganyu,Character,5,85,77
86,2021-02-03 10:22:03,Magic Guide,Weapon,3,86,1
87,2021-02-03 10:22:03,Raven Bow,Weapon,3,87,2
88,2021-02-03 10:22:03,Debate Club,Weapon,3,88,3
89,2021-02-03 10:22:03,Cool Steel,Weapon,3,89,4
90,2021-02-03 10:22:03,Harbinger of Dawn,Weapon,3,90,5
91,2021-02-03 10:22:03,Sacrificial Greatsword,Weapon,4,91,6
92,2021-02-03 10:22:03,Skyrider Sword,Weapon,3,92,7
93,2021-02-03 10:22:03,Thrilling Tales of Dragon Slayers,Weapon,3,93,8
94,2021-02-03 10:22:03,Bloodtainted Greatsword,Weapon,3,94,9
95,2021-02-03 10:22:03,Sharpshooter's Oath,Weapon,3,95,10
96,2021-02-03 10:22:28,Ferrous Shadow,Weapon,3,96,11
97,2021-02-03 10:22:32,Thrilling Tales of Dragon Slayers,Weapon,3,97,12
98,2021-02-03 10:22:37,Xinyan,Character,4,98,13
99,2021-02-03 10:22:53,Thrilling Tales of Dragon Slayers,Weapon,3,99,14
100,2021-02-03 10:22:57,Emerald Orb,Weapon,3,100,15
101,2021-02-03 10:23:01,Black Tassel,Weapon,3,101,16
102,2021-02-03 10:23:06,Ferrous Shadow,Weapon,3,102,17
103,2021-02-04 23:22:35,Black Tassel,Weapon,3,103,18
104,2021-02-06 22:09:25,Sharpshooter's Oath,Weapon,3,104,19
105,2021-02-09 22:29:24,Skyrider Sword,Weapon,3,105,20
106,2021-02-11 10:52:36,Slingshot,Weapon,3,106,21
107,2021-02-11 10:52:48,Cool Steel,Weapon,3,107,22
108,2021-02-13 17:33:43,The Stringless,Weapon,4,108,23
109,2021-02-13 17:33:50,Raven Bow,Weapon,3,109,24
110,2021-02-13 17:34:04,Bloodtainted Greatsword,Weapon,3,110,25
111,2021-02-14 15:44:03,Diona,Character,4,111,26
112,2021-02-14 17:27:39,Slingshot,Weapon,3,112,27
113,2021-02-15 13:10:39,Debate Club,Weapon,3,113,28
114,2021-02-15 13:10:44,Ferrous Shadow,Weapon,3,114,29
115,2021-02-17 13:32:56,Black Tassel,Weapon,3,115,30
116,2021-02-17 13:33:02,Cool Steel,Weapon,3,116,31
117,2021-02-17 13:33:10,Magic Guide,Weapon,3,117,32
118,2021-02-17 13:33:16,Bloodtainted Greatsword,Weapon,3,118,33
119,2021-02-17 13:33:23,Magic Guide,Weapon,3,119,34
120,2021-03-02 18:19:57,Bloodtainted Greatsword,Weapon,3,41,35
121,2021-03-02 18:20:02,Chongyun,Character,4,42,36
122,2021-03-02 18:20:06,Xingqiu,Character,4,43,37
123,2021-03-02 18:20:16,Magic Guide,Weapon,3,44,38
124,2021-03-02 18:20:28,Debate Club,Weapon,3,45,39
125,2021-03-02 18:20:39,Black Tassel,Weapon,3,46,40
126,2021-03-17 17:12:58,Ferrous Shadow,Weapon,3,47,41
127,2021-03-17 17:13:08,Emerald Orb,Weapon,3,48,42
128,2021-03-17 17:13:14,Thrilling Tales of Dragon Slayers,Weapon,3,49,43
129,2021-03-17 17:13:21,Harbinger of Dawn,Weapon,3,50,44
130,2021-03-17 17:13:32,Harbinger of Dawn,Weapon,3,51,45
131,2021-03-17 17:20:33,The Flute,Weapon,4,52,46
132,2021-03-20 12:54:04,Black Tassel,Weapon,3,53,47
133,2021-04-06 18:13:28,Raven Bow,Weapon,3,54,48
134,2021-04-06 18:25:36,Debate Club,Weapon,3,55,49
135,2021-04-06 18:38:06,Harbinger of Dawn,Weapon,3,56,50
136,2021-04-06 18:38:10,Thrilling Tales of Dragon Slayers,Weapon,3,57,51
137,2021-04-25 23:48:45,Magic Guide,Weapon,3,58,52
138,2021-04-25 23:56:06,Raven Bow,Weapon,3,59,53
139,2021-04-25 23:56:24,Barbara,Character,4,60,54
140,2021-04-25 23:57:00,Black Tassel,Weapon,3,61,55
141,2021-05-22 13:19:23,Black Tassel,Weapon,3,62,56
142,2021-05-22 13:19:30,Black Tassel,Weapon,3,63,57
